ATT 估計量（did 係數）,標準誤,p-value
-1275.765234245292,5868.114553227877,0.8281686953295253
2768.9947797097184,5239.229885036117,0.5980055775263176
